algoritmo,dim,max_fes,funcion,mean,median,std
de,10,5000,1,339.31327659365996,215.0001711183436,333.3424883240844
de,10,5000,2,15.808022944505321,9.857916965921333,15.302182642314582
de,10,5000,3,0.0002875145586380777,1.0863914212677628e-09,0.0019209072716084934
de,10,5000,4,54.0216105820022,54.19677667192332,13.877130816726595
de,10,5000,5,0.007244780081439821,0.0012972397671546787,0.014972552602398914
de,10,5000,6,21521.498682051613,19996.6404095014,10026.36601036568
de,10,5000,7,30.03778635118484,30.01427499940837,3.437461367843662
de,10,5000,8,38.92406122948037,28.646431723472688,61.138509347992986
de,10,5000,9,271.96253750073646,370.59223707509364,154.5772938417448
de,10,5000,10,61.50733049774746,0.0,93.93481417328736
de,10,5000,11,13.567564749063038,12.786560310863479,9.188899812553892
de,10,5000,12,161.26216495742935,161.82823332206135,4.880968275241645
de,10,50000,1,1.8131964483653535,4.927453971959039e-06,8.558563714377357
de,10,50000,2,8.83324434213898,8.916470667156204,8.698665789890011
de,10,50000,3,0.0002874916288834249,2.6147972675971687e-12,0.0019208921446496252
de,10,50000,4,23.0557985968067,22.960332766650822,4.991921603046954
de,10,50000,5,0.0005250004590437789,4.8477738232577394e-05,0.0014634980215800933
de,10,50000,6,2484.0453545699665,1702.7485136487721,3018.029939985777
de,10,50000,7,8.9116730704163,1.0574819924140684,10.073660493104876
de,10,50000,8,18.46980762872296,2.7846723914863105,54.69634072784222
de,10,50000,9,246.96876032145977,362.3053855744288,175.33569403015343
de,10,50000,10,16.60339029336443,0.0,48.70530259002331
de,10,50000,11,12.007501857136093,11.453204587647178,8.105455305408556
de,10,50000,12,157.54495268863536,158.35194761621278,5.772045559453445
de,10,500000,1,1.8131964483653513,4.927453971959039e-06,8.558563714377357
de,10,500000,2,8.775307172504396,8.916461505456027,8.714014822657125
de,10,500000,3,0.0002874916288834249,2.6147972675971687e-12,0.0019208921446496252
de,10,500000,4,12.08807864719459,12.099138320329757,2.6190967234943043
de,10,500000,5,0.0005250004590326332,4.8477738232577394e-05,0.001463498021580024
de,10,500000,6,2459.8698310437508,1691.9243090227492,3012.581532105687
de,10,500000,7,8.467593500084078,1.0022248058614878,9.876286904529866
de,10,500000,8,16.645314059925344,0.2970387789691813,54.97533308050694
de,10,500000,9,243.13712520607808,361.44471437409766,175.59366045204328
de,10,500000,10,15.956096168403203,0.0,48.69538696635991
de,10,500000,11,12.007501857136049,11.453204587647178,8.105455305408563
de,10,500000,12,157.39148225309805,158.08748562429582,5.7608403036778935
de,10,5000000,1,1.8131964483653513,4.927453971959039e-06,8.558563714377357
de,10,5000000,2,8.676382524230915,8.916452060195866,8.740839314504369
de,10,5000000,3,0.0002874916288834249,2.6147972675971687e-12,0.0019208921446496252
de,10,5000000,4,9.781346656197474,10.002962793383404,1.9358362837991274
de,10,5000000,5,0.0005250004590326332,4.8477738232577394e-05,0.001463498021580024
de,10,5000000,6,2459.867690029148,1691.9243090227492,3012.5833146390146
de,10,5000000,7,8.467593500084078,1.0022248058614878,9.876286904529866
de,10,5000000,8,16.337353992923212,0.08100532777916669,54.99007520750702
de,10,5000000,9,243.13712520607808,361.44471437409766,175.59366045204328
de,10,5000000,10,15.956096168403203,0.0,48.69538696635991
de,10,5000000,11,12.007501857136049,11.453204587647178,8.105455305408563
de,10,5000000,12,157.3892592409334,158.08748562429582,5.765432919400182
de,20,5000,1,9333.874888816223,8708.478423426033,2617.000058064111
de,20,5000,2,73.04616164231665,64.10072800029661,20.713896416747808
de,20,5000,3,0.0011065123866541506,2.75100002227191e-05,0.002842207164880751
de,20,5000,4,238.888355368178,236.97157281219938,28.291424848330617
de,20,5000,5,0.45801817471773326,0.40188089782725456,0.27814492071877933
de,20,5000,6,74541230.7015149,67250202.16844223,36031819.68975205
de,20,5000,7,184.8255654856241,210.73375092958258,112.99186588119657
de,20,5000,8,96156.37745857936,22526.23255929408,189012.907626602
de,20,5000,9,400.0279552206376,397.65585422880486,23.932361160077477
de,20,5000,10,816.1718046338455,697.6198100832171,406.9910642040277
de,20,5000,11,37.776055962453825,24.351711249681102,52.3286532779503
de,20,5000,12,253.76590661833427,249.82560095358713,12.744994688812977
de,20,50000,1,43.39925255636494,6.157145670268562,96.84245874767892
de,20,50000,2,64.35158388365497,58.12193632728179,15.098134136681784
de,20,50000,3,0.001080475574502659,1.939259414029948e-05,0.0028158618074421737
de,20,50000,4,150.97622495821727,153.6869470829938,25.65638475075844
de,20,50000,5,0.058490388521127167,0.01166092069786373,0.11585572100109093
de,20,50000,6,7061849.782009602,5779908.718143147,4316366.253850284
de,20,50000,7,17.646932299935713,0.0,25.706413696554442
de,20,50000,8,706.1222638889839,615.6211891983494,494.611955027524
de,20,50000,9,353.2653167423172,350.79370592710484,14.316973802043702
de,20,50000,10,75.64670145222485,0.0,132.7389029164093
de,20,50000,11,30.98907638025213,23.164021543382205,41.453462436252046
de,20,50000,12,224.00206339904486,223.67078468762293,5.191047834669907
de,20,500000,1,43.37195572431158,6.157145670268562,96.85242007466707
de,20,500000,2,64.26055455163336,58.12193632728173,15.122769781324271
de,20,500000,3,0.001080475574502659,1.939259414029948e-05,0.0028158618074421737
de,20,500000,4,84.10791938071776,83.42011232184711,15.709808101373337
de,20,500000,5,0.05738564608776976,0.01166092069786373,0.11537364604584036
de,20,500000,6,881767.7685540083,771930.8347682335,567366.9167040172
de,20,500000,7,9.366267819988257,0.0,14.057821070604875
de,20,500000,8,18.965356578982092,0.0,62.84756284213152
de,20,500000,9,353.2622037456224,350.7937059271044,14.31991505644343
de,20,500000,10,3.738491517169437,0.0,26.698169600580105
de,20,500000,11,30.98799510918953,23.126327766493432,41.453670822122746
de,20,500000,12,221.20310038999648,221.6007396931309,6.074761944431984
de,20,5000000,1,43.37195572431157,6.157145670268562,96.85242007466701
de,20,5000000,2,64.24094254477603,58.12193632728173,15.125943904877769
de,20,5000000,3,0.001080475574502659,1.939259414029948e-05,0.0028158618074421737
de,20,5000000,4,42.01036901145387,41.62889490352575,6.803039765664354
de,20,5000000,5,0.05738564608776976,0.01166092069786373,0.11537364604584036
de,20,5000000,6,104202.92699519466,99286.45817991017,44791.074793800995
de,20,5000000,7,7.29001576797009,0.0,10.970794075148891
de,20,5000000,8,16.60411310155082,0.0,61.34754167958623
de,20,5000000,9,353.2622037456224,350.7937059271044,14.31991505644343
de,20,5000000,10,3.738491517018327,0.0,26.698169599500964
de,20,5000000,11,30.98799510918953,23.126327766493432,41.453670822122746
de,20,5000000,12,220.9800437325959,221.6007396931309,6.211949379806567
middleware,10,5000,1,1979.0839283617825,1628.7269264821869,1154.537012530268
middleware,10,5000,2,25.72687594907945,18.77872913527966,17.919747349123075
middleware,10,5000,3,0.00030092251898515635,2.8513042366284935e-05,0.0011328650257570307
middleware,10,5000,4,69.2792581861763,70.5,14.579634668387854
middleware,10,5000,5,0.16196622719674086,0.1360865365270456,0.10779122657846087
middleware,10,5000,6,54352.30517683387,52454.83431142653,21225.28398005745
middleware,10,5000,7,45.43112618620489,44.15192173558967,8.642345161874347
middleware,10,5000,8,62.08722820987595,47.97230595851761,42.56227380040424
middleware,10,5000,9,310.923771215445,374.5424797744995,119.54367256011858
middleware,10,5000,10,38.72050643082107,0.0,82.45072343842392
middleware,10,5000,11,21.6563596645674,20.46013893691952,18.775346016415313
middleware,10,5000,12,164.47974718822005,165.40775634864121,4.20995291929903
middleware,10,50000,1,0.008815608189243172,5.684341886080802e-14,0.062437546424601746
middleware,10,50000,2,6.946526004971408,8.241269170057592,2.6392290379674694
middleware,10,50000,3,2.952607674695387e-09,0.0,1.52407546407481e-08
middleware,10,50000,4,28.938602179170843,30.003290199445473,6.8731672302644595
middleware,10,50000,5,5.798883336740568e-07,6.59383658785373e-12,4.140597396408588e-06
middleware,10,50000,6,3024.705163086566,2022.4593895454123,2926.8583295356157
middleware,10,50000,7,13.29149357659511,20.483262335751306,9.440122753149508
middleware,10,50000,8,13.509734389144814,13.02953798788576,9.43030978092922
middleware,10,50000,9,220.48693099840096,359.2265014338309,177.8161244506671
middleware,10,50000,10,0.0,0.0,0.0
middleware,10,50000,11,4.850691563677468,2.8780914362869225e-07,8.70416748250954
middleware,10,50000,12,145.08858752931405,150.53146404007475,14.54038397275506
middleware,10,500000,1,0.0,0.0,0.0
middleware,10,500000,2,6.4555942979633025,7.5597916602689,2.976344468192698
middleware,10,500000,3,0.0,0.0,0.0
middleware,10,500000,4,13.236100923323239,12.89714028773028,2.8032909200521083
middleware,10,500000,5,3.120815153142401e-14,0.0,5.1239510960498116e-14
middleware,10,500000,6,1399.016987711668,913.6164229288638,1489.2187067690215
middleware,10,500000,7,7.576197546410296,0.9949591515457996,9.588505045203762
middleware,10,500000,8,7.433955887821653,0.27509376103853356,9.885335072745596
middleware,10,500000,9,205.4990972730867,359.0943447803602,180.5976848304172
middleware,10,500000,10,0.0,0.0,0.0
middleware,10,500000,11,3.9901842475094194,4.547473508864641e-13,7.867699441120642
middleware,10,500000,12,112.90633586254464,133.20179532067777,52.997119443910215
middleware,10,5000000,1,0.004044610899497644,0.0,0.01645454078375841
middleware,10,5000000,2,9.880857550779613,8.469987800286447,9.946339561027226
middleware,10,5000000,3,0.0005692926850819204,2.7284841053187847e-12,0.003084688595319008
middleware,10,5000000,4,9.54962890009721,10.013313027509412,1.9339412205950814
middleware,10,5000000,5,0.0009913850522426562,0.0,0.003236255040115579
middleware,10,5000000,6,2590.3399726837583,1380.5536621777983,2808.021846059961
middleware,10,5000000,7,7.654872951614428,0.9949590570995497,9.637481996789937
middleware,10,5000000,8,4.944174155134185,0.05212369812034012,8.664028920184121
middleware,10,5000000,9,219.44886518909712,359.77460570903395,178.50856386484548
middleware,10,5000000,10,0.0,0.0,0.0
middleware,10,5000000,11,10.072341318791747,7.721853542714143,9.083497264703409
middleware,10,5000000,12,139.7099073507607,154.24018349722837,36.46268937388947
middleware,20,5000,1,21474.123204799016,20840.288376408877,5273.30102182644
middleware,20,5000,2,125.27801511614969,117.10138662650445,36.587993238869345
middleware,20,5000,3,0.005822624523034392,0.00525837506404514,0.003073938431798535
middleware,20,5000,4,278.17259449476813,282.11193712591466,28.538487229821925
middleware,20,5000,5,2.48337666997004,2.087038595667309,1.3223837875217306
middleware,20,5000,6,36075982.89955499,20721307.595476344,37144591.937213965
middleware,20,5000,7,403.75492108127264,397.4231971262593,196.9005319432114
middleware,20,5000,8,256015.05647086035,7470.575643571412,1778941.5233262763
middleware,20,5000,9,458.42092028886924,456.03081744153724,42.99339804264162
middleware,20,5000,10,712.8326593903365,640.0981376437512,423.82005179703
middleware,20,5000,11,70.85488961443251,41.758364898455966,100.92096529927326
middleware,20,5000,12,281.3738487704822,278.5677086470005,18.74724865029958
middleware,20,50000,1,21.48511456285087,0.006477921957298349,101.39961552058787
middleware,20,50000,2,54.5848923177438,49.10131217457888,10.174954617977132
middleware,20,50000,3,0.0005191368198313962,2.6946543130179634e-07,0.001386628521675102
middleware,20,50000,4,170.09748350455087,177.55652467444395,24.632609785641765
middleware,20,50000,5,0.026605683330698786,0.0009719075571865687,0.04617466539402817
middleware,20,50000,6,5982432.371777756,2262166.50530373,7278547.470849818
middleware,20,50000,7,12.319042605462885,0.0,26.62467221249434
middleware,20,50000,8,1468.4835276411134,1147.4268375352053,1109.9998317666227
middleware,20,50000,9,337.81706305646367,335.9800500904671,6.00344702310156
middleware,20,50000,10,43.39067551525879,0.0,101.23009645603227
middleware,20,50000,11,12.610132318973807,12.740357524286537,12.289801246533553
middleware,20,50000,12,225.82482394052423,224.9015637279931,4.799303797078913
middleware,20,500000,1,1.8947806286936004e-14,0.0,2.7062880495209547e-14
middleware,20,500000,2,51.187345890863305,49.08447897979386,7.193952400626908
middleware,20,500000,3,3.566645889305601e-14,0.0,5.32763066193189e-14
middleware,20,500000,4,103.4626711401559,105.05344395979546,21.44480674426219
middleware,20,500000,5,0.022820926576962525,3.410605131648481e-13,0.04684008975305375
middleware,20,500000,6,826420.078848939,296755.4968225756,1025152.3378300634
middleware,20,500000,7,3.8849249302655724,0.0,10.045782194695054
middleware,20,500000,8,32.054108026792875,0.0,48.36041509982707
middleware,20,500000,9,335.95331681334125,335.638770339468,2.213654988079794
middleware,20,500000,10,0.0,0.0,0.0
middleware,20,500000,11,5.250929250313604,4.547473508864641e-13,8.51663397085355
middleware,20,500000,12,217.4900384172785,220.98243067091153,11.522015187422003
middleware,20,5000000,1,13.607901344500036,3.4131022748674127,39.1684644665722
middleware,20,5000000,2,55.364259088656205,51.04395411688802,14.335234082908446
middleware,20,5000000,3,0.0006956915149671392,2.7997590450468124e-05,0.0014524467495658163
middleware,20,5000000,4,47.44694803989929,47.139183289239554,10.144301382257964
middleware,20,5000000,5,0.029405859888093605,0.007736675888509126,0.041049685968288945
middleware,20,5000000,6,173183.1416010771,159823.63470394738,107445.62776817057
middleware,20,5000000,7,2.7326599324175116,0.0,7.60688351958957
middleware,20,5000000,8,12.454932770993523,0.0,34.01474208411777
middleware,20,5000000,9,350.7331143237778,348.33057949483236,13.242046754536636
middleware,20,5000000,10,0.0,0.0,0.0
middleware,20,5000000,11,24.9509312949319,22.02095890927876,19.171582654059065
middleware,20,5000000,12,216.48262805054708,220.70631169684293,14.040288727469033
pso,10,5000,1,801.2309677492666,164.72579902949929,1479.366270056261
pso,10,5000,2,121.06787271859216,65.74146066632011,184.97386914246627
pso,10,5000,3,0.06951197032752615,0.05055833009964772,0.0774206488428894
pso,10,5000,4,83.84860764193351,82.45393617759532,24.795479568369604
pso,10,5000,5,0.6816864233836155,0.5611925229879944,0.8992505228520048
pso,10,5000,6,69825.36810291761,70653.86737648249,27165.254751003296
pso,10,5000,7,105.27785290619094,66.89811639128266,110.69101562858842
pso,10,5000,8,1246.6796078604252,790.6120533345311,1265.1211871902235
pso,10,5000,9,464.9370631122988,431.92322126424506,98.87811605612615
pso,10,5000,10,126.05714427056849,0.0,150.66161870193042
pso,10,5000,11,281.2941149925253,54.21297876669314,374.43935491572915
pso,10,5000,12,174.01364022579565,170.96715873725998,20.63322312230939
pso,10,50000,1,792.5602094983309,0.0,1203.8827810781465
pso,10,50000,2,133.40010887910157,56.677924444701546,200.6532090696345
pso,10,50000,3,0.07115608382073957,0.05055482311797732,0.07177099495164083
pso,10,50000,4,48.52153214636823,48.0,14.800790614489989
pso,10,50000,5,0.2898604268428391,0.08952825041649248,0.4605894255113114
pso,10,50000,6,1623972.3180456092,73469.07458851895,11110040.917506922
pso,10,50000,7,66.9012567580829,49.142036304905105,60.90161472382116
pso,10,50000,8,1014.269422785408,774.7283160128854,1106.0859399816113
pso,10,50000,9,460.937922808522,436.4449668777311,91.18569217637734
pso,10,50000,10,0.0,0.0,0.0
pso,10,50000,11,279.4402318410723,48.32954368172841,375.4021265461792
pso,10,50000,12,166.993464959074,169.87539310444117,24.026011934221902
pso,10,500000,1,822.8613681485803,0.0,1850.544985473236
pso,10,500000,2,111.63358446609193,65.7414135607824,134.43334242722045
pso,10,500000,3,0.0686097970641502,0.05055482311797732,0.07569964859255014
pso,10,500000,4,30.361430195201166,30.0,10.590041337316215
pso,10,500000,5,0.21081445509783486,1.1368683772161603e-13,0.3423308381131745
pso,10,500000,6,1621894.1651714847,69326.07575821102,11109836.486611165
pso,10,500000,7,57.91343662695509,47.640209665298244,40.565751760444876
pso,10,500000,8,1116.4497571210406,418.4544168523512,1474.73014538827
pso,10,500000,9,454.915870930006,431.27256378531,74.2272092803841
pso,10,500000,10,1.1424116485306477,0.0,8.15845102391527
pso,10,500000,11,279.00185662363884,48.32954368172841,375.6908677145434
pso,10,500000,12,168.05256085477185,169.87539310444117,26.150807249212086
pso,10,5000000,1,1154.675979471045,0.0,1870.7777194001844
pso,10,5000000,2,132.7625670280048,65.7414135607824,193.17736363626898
pso,10,5000000,3,0.06429483848839534,0.05055482311797732,0.06774686205727229
pso,10,5000000,4,24.07843137254902,20.0,11.433010342433708
pso,10,5000000,5,0.3846803103931774,0.0,0.882691933144254
pso,10,5000000,6,1624652.0705348172,71556.04467327146,11107602.231071126
pso,10,5000000,7,67.07084347175957,47.51442482665243,54.67670522591378
pso,10,5000000,8,998.7751659737623,430.55628286024876,1271.3606434744645
pso,10,5000000,9,462.8018430934053,436.4449668777311,81.30433818539048
pso,10,5000000,10,0.0,0.0,0.0
pso,10,5000000,11,277.89901356908354,48.32954368172841,376.1450908401292
pso,10,5000000,12,165.8167104420122,169.87539310444117,26.02303860761969
pso,20,5000,1,16351.56114758634,13198.692832261193,9020.273315887373
pso,20,5000,2,433.60841477362186,383.17256424365837,279.8385911995409
pso,20,5000,3,0.42558487853331567,0.42736844229852977,0.15228367850198282
pso,20,5000,4,309.80018187713296,310.27558882760786,50.57198469660101
pso,20,5000,5,9.402492071864675,9.457746320629553,3.838387114269342
pso,20,5000,6,65269928.86623231,13603635.267865913,143201322.21936688
pso,20,5000,7,521.387627406736,467.04238759714735,450.9339357787574
pso,20,5000,8,5652.225204477463,5481.088015719745,3018.140824671432
pso,20,5000,9,774.7183546227905,730.5702030702068,285.3402001498846
pso,20,5000,10,681.6399082788652,504.50650640109325,726.6908041918781
pso,20,5000,11,1322.2641977956728,1694.2532912823517,899.0790175459861
pso,20,5000,12,337.1459653301745,324.9323635289288,67.68907291813218
pso,20,50000,1,12101.932703434892,10663.05223503415,9061.8102806777
pso,20,50000,2,474.51299115451434,401.1248955028191,391.16250391030974
pso,20,50000,3,0.491856979374053,0.45956364053483867,0.2034444645639926
pso,20,50000,4,211.75660020498117,214.49531010754743,55.74262032777579
pso,20,50000,5,7.640363934277777,7.896057895800936,3.089864169933743
pso,20,50000,6,63850931.041433305,11308786.658190673,172839021.0377514
pso,20,50000,7,332.58947022631713,123.11740264614991,444.8775832403875
pso,20,50000,8,4558.271178213157,4092.6557403221213,3010.7019539502485
pso,20,50000,9,734.0661517337941,736.9732979515957,228.68270381899316
pso,20,50000,10,38.64351032713242,0.0,176.84938769745239
pso,20,50000,11,1360.9815922364037,1694.2532912819443,921.9883759076044
pso,20,50000,12,336.2490529623498,311.2282121778635,84.80520199550584
pso,20,500000,1,13166.360791079169,9234.025996859906,10426.696345053286
pso,20,500000,2,499.4653454955809,421.60867456713095,338.52862330808637
pso,20,500000,3,0.4782401199368219,0.4349573331361398,0.19126148762404205
pso,20,500000,4,179.7857113889814,176.0,48.226712608001996
pso,20,500000,5,6.731156587468889,6.736482592764219,3.4603104319830025
pso,20,500000,6,48658480.74639248,939023.2403793662,134329733.8929906
pso,20,500000,7,378.85295563252316,162.583059734367,490.98461761813707
pso,20,500000,8,4449.678606415318,3990.7652677902443,3381.264042229977
pso,20,500000,9,740.2010488772984,735.6945164986955,272.29477350941835
pso,20,500000,10,0.0,0.0,0.0
pso,20,500000,11,1367.2387387655492,1694.2532912819433,913.9694144532431
pso,20,500000,12,334.477574514547,321.1440715257272,66.69725779264454
pso,20,5000000,1,10433.05238673267,7654.474896872911,7954.72315992746
pso,20,5000000,2,437.81607974964004,367.87054225911993,313.0379113621172
pso,20,5000000,3,0.49932319627262756,0.49187612994558094,0.20699636466834567
pso,20,5000000,4,165.69233502772292,164.0,39.511099387825304
pso,20,5000000,5,6.432216300506518,6.148015323072059,2.845958979437415
pso,20,5000000,6,54756297.69674036,15269412.41646218,146351356.85244754
pso,20,5000000,7,318.54930429864754,155.57866441583428,409.66507921836404
pso,20,5000000,8,4807.791473463019,4236.226911319611,3206.2748130858827
pso,20,5000000,9,775.2805776346822,741.4828948877935,283.2882317017204
pso,20,5000000,10,0.0,0.0,0.0
pso,20,5000000,11,1367.9675760298608,1694.2532912819433,914.986753008937
pso,20,5000000,12,332.23166629211033,318.00857732972236,68.25035770095955
